riqueza,mean,median,std,count,q1,q3,IQR,Outliers estimados
Más Pobre,-1.284727021423635,-1.3,0.9665192741436363,5788,-1.92,-0.64,1.2799999999999998,64
Pobre,-0.8689839889306186,-0.88,0.958734314760636,5059,-1.5,-0.22,1.28,44
Medio,-0.6637459720730398,-0.66,0.9798612557381778,3724,-1.3,0.01,1.31,33
Rico,-0.522916355489171,-0.51,0.9752746274271208,2678,-1.16,0.0975,1.2574999999999998,30
Más Rico,-0.35492619926199265,-0.335,0.955177644740306,1626,-0.96,0.2775,1.2375,20
